-- phpMyAdmin SQL Dump
-- version 5.2.1
-- https://www.phpmyadmin.net/
--
-- Host: 127.0.0.1
-- Generation Time: Oct 12, 2024 at 01:59 PM
-- Server version: 10.4.32-MariaDB
-- PHP Version: 8.2.12

SET SQL_MODE = "NO_AUTO_VALUE_ON_ZERO";
START TRANSACTION;
SET time_zone = "+00:00";


/*!40101 SET @OLD_CHARACTER_SET_CLIENT=@@CHARACTER_SET_CLIENT */;
/*!40101 SET @OLD_CHARACTER_SET_RESULTS=@@CHARACTER_SET_RESULTS */;
/*!40101 SET @OLD_COLLATION_CONNECTION=@@COLLATION_CONNECTION */;
/*!40101 SET NAMES utf8mb4 */;

--
-- Database: `waterordering`
--

-- --------------------------------------------------------

--
-- Table structure for table `memberships`
--

CREATE TABLE `memberships` (
  `membership_id` int(11) NOT NULL,
  `membership_type` varchar(50) NOT NULL COMMENT 'e.g., Basic, Premium, Gold',
  `membership_name` varchar(50) NOT NULL,
  `price` decimal(10,2) NOT NULL,
  `duration_in_days` int(11) NOT NULL COMMENT 'Subscription duration in days',
  `membership_for` enum('O','C') NOT NULL DEFAULT 'C' COMMENT 'O - Owner, C - Customer'
) ENGINE=InnoDB DEFAULT CHARSET=utf8mb4 COLLATE=utf8mb4_general_ci;

--
-- Dumping data for table `memberships`
--

INSERT INTO `memberships` (`membership_id`, `membership_type`, `membership_name`, `price`, `duration_in_days`, `membership_for`) VALUES
(1, '', '3 Months Premium', 399.00, 90, 'O'),
(2, '', '6 Months Premium', 599.00, 180, 'O'),
(3, '', '12 Months Premium', 999.00, 365, 'O'),
(4, '', '3 Months Premium', 99.00, 90, 'C'),
(5, '', '6 Months Premium', 199.00, 180, 'C'),
(6, '', '12 Months Premium', 399.00, 365, 'C');

-- --------------------------------------------------------

--
-- Table structure for table `orders`
--

CREATE TABLE `orders` (
  `order_id` int(11) NOT NULL,
  `user_id` int(11) NOT NULL,
  `product_id` int(11) NOT NULL,
  `quantity` int(11) NOT NULL,
  `total_price` decimal(10,2) NOT NULL,
  `order_date` timestamp NOT NULL DEFAULT current_timestamp()
) ENGINE=InnoDB DEFAULT CHARSET=utf8mb4 COLLATE=utf8mb4_general_ci;

--
-- Dumping data for table `orders`
--

INSERT INTO `orders` (`order_id`, `user_id`, `product_id`, `quantity`, `total_price`, `order_date`) VALUES
(1, 23, 1, 2, 300.00, '2024-10-09 01:08:05'),
(2, 24, 2, 3, 105.00, '2024-10-09 01:08:05'),
(3, 23, 3, 10, 150.00, '2024-10-09 01:08:05');

-- --------------------------------------------------------

--
-- Table structure for table `products`
--

CREATE TABLE `products` (
  `product_id` int(11) NOT NULL,
  `station_id` int(11) NOT NULL,
  `product_name` varchar(100) NOT NULL,
  `description` text DEFAULT NULL,
  `price` decimal(10,2) NOT NULL,
  `availability_status` char(1) NOT NULL DEFAULT 'A' COMMENT 'A - Available, O - Out of Stock'
) ENGINE=InnoDB DEFAULT CHARSET=utf8mb4 COLLATE=utf8mb4_general_ci;

--
-- Dumping data for table `products`
--

INSERT INTO `products` (`product_id`, `station_id`, `product_name`, `description`, `price`, `availability_status`) VALUES
(1, 3, '5 Gallon Water', 'Purified 5-gallon drinking water', 150.00, 'A'),
(2, 4, '1 Gallon Water', 'Purified 1-gallon drinking water', 35.00, 'A'),
(3, 5, '500ml Bottled Water', '500ml bottled water', 15.00, 'A');

-- --------------------------------------------------------

--
-- Table structure for table `stations`
--

CREATE TABLE `stations` (
  `station_id` int(11) NOT NULL,
  `station_name` varchar(100) NOT NULL,
  `owner_id` int(11) NOT NULL,
  `address` varchar(255) NOT NULL,
  `subscription_status` char(1) NOT NULL DEFAULT 'A' COMMENT 'A - Active, E - Expired',
  `membership_id` int(11) NOT NULL
) ENGINE=InnoDB DEFAULT CHARSET=utf8mb4 COLLATE=utf8mb4_general_ci;

--
-- Dumping data for table `stations`
--

INSERT INTO `stations` (`station_id`, `station_name`, `owner_id`, `address`, `subscription_status`, `membership_id`) VALUES
(3, 'CHICO WATER STATION', 30, 'CAVASI,LIGAO CITY', 'A', 1),
(4, 'MILO WATER STATION', 31, 'BAGUMBAYAN, LIGAO CITY', 'A', 3),
(5, 'MINMIN WATER STATION', 32, 'MAYAO, OAS ALBAY', 'A', 2),
(6, 'MATTHEW WATER STATION', 33, 'Tinago, Ligao City', 'A', 2),
(8, 'Tray Rags Water Station', 35, 'BAGUMBAYAN, LIGAO CITY', 'A', 1);

-- --------------------------------------------------------

--
-- Table structure for table `subscriptions`
--

CREATE TABLE `subscriptions` (
  `subscription_id` int(11) NOT NULL,
  `user_id` int(11) NOT NULL,
  `membership_id` int(11) NOT NULL,
  `subscription_type` char(1) NOT NULL COMMENT 'O - Owner Subscription, C - Customer Subscription',
  `start_date` date NOT NULL,
  `end_date` date NOT NULL,
  `payment_method` varchar(50) DEFAULT NULL COMMENT 'Payment method used for the subscription'
) ENGINE=InnoDB DEFAULT CHARSET=utf8mb4 COLLATE=utf8mb4_general_ci;

--
-- Dumping data for table `subscriptions`
--

INSERT INTO `subscriptions` (`subscription_id`, `user_id`, `membership_id`, `subscription_type`, `start_date`, `end_date`, `payment_method`) VALUES
(13, 30, 1, 'O', '2024-10-05', '2025-01-03', 'Bank Transfer'),
(14, 31, 3, 'O', '2024-10-05', '2025-10-05', 'Gcash'),
(15, 32, 2, 'O', '2024-10-05', '2025-04-03', 'Gcash'),
(16, 33, 2, 'O', '2024-10-05', '2025-04-03', 'Gcash'),
(18, 35, 1, 'O', '2024-10-06', '2025-01-04', 'Gcash'),
(19, 12, 5, 'C', '2024-10-12', '2025-04-11', 'Gcash'),
(20, 13, 4, 'C', '2024-10-12', '2025-01-11', 'Bank Transfer'),
(21, 14, 6, 'C', '2024-10-12', '2025-10-11', 'Bank Transfer');

-- --------------------------------------------------------

--
-- Table structure for table `users`
--

CREATE TABLE `users` (
  `user_id` int(11) NOT NULL,
  `user_name` varchar(55) NOT NULL,
  `email` varchar(55) NOT NULL,
  `password` varchar(255) NOT NULL,
  `image` varchar(255) NOT NULL DEFAULT 'default.jpg',
  `phone_number` varchar(55) NOT NULL,
  `address` varchar(255) NOT NULL,
  `user_type` char(1) NOT NULL DEFAULT 'C' COMMENT 'C - Customer, A - Admin, O - Owner',
  `status` char(1) NOT NULL DEFAULT 'A' COMMENT 'A - Active, I - Inactive'
) ENGINE=InnoDB DEFAULT CHARSET=utf8mb4 COLLATE=utf8mb4_general_ci;

--
-- Dumping data for table `users`
--

INSERT INTO `users` (`user_id`, `user_name`, `email`, `password`, `image`, `phone_number`, `address`, `user_type`, `status`) VALUES
(1, '', 'jems@refilling.com', '123456', 'default.jpg', '', '', 'C', 'A'),
(2, 'JUSTEN REFILLING STATION', 'just10@station.com', '789789', 'default.jpg', '', '', 'O', 'A'),
(3, 'lee REFILLING STATION', 'leendon@station.com', '123123', 'default.jpg', '', '', '', 'A'),
(4, 'wantones station', 'wanton@water.com', '456456', 'default.jpg', '', '', 'u', 'A'),
(5, 'eyaaaaaj REFILLING STATION', 'eyaj@234.gmail.com', '678678', 'default.jpg', '', '', 'O', 'A'),
(6, 'PAZ WATER STATION', 'paz25@gmail.com.ph', '259259', 'default.jpg', '', '', 'O', 'A'),
(7, 'Shaine Station', 'shaineyy@station.com', '123456', 'default.jpg', '', '', 'O', 'A'),
(8, 'SHAINE WATER STATION', 'shainewater@gmail.com', '098098', 'default.jpg', '', '', 'O', 'A'),
(9, 'CY STATION', 'cy2008@water.station.com', '234234', 'default.jpg', '', '', 'O', 'A'),
(10, 'nes water', 'nestea@water.com', '135135', 'default.jpg', '', '', 'O', 'A'),
(11, 'Chips Water Stations', 'chips@water.station.com.ph', '467467', 'default.jpg', '', '', 'O', 'A'),
(12, 'Walton Loneza', 'lonezawalton@gmail.com.ph', '231231', 'default.jpg', '', '', 'C', 'A'),
(13, 'RHEA NASAYAO', 'nasayao@bu.com.ph', 'nasayao', 'default.jpg', '', '', 'C', 'A'),
(14, 'WILLY SMITH', 'WIL@415.GMAIL.COM', 'WILWIL', 'default.jpg', '', '', 'C', 'A'),
(15, 'SEVEN HEAVEN WATER STATION', 'sevenheaven@water.station.com', '$2y$10$SNFprDG6c5WtM5cUO44rzua4KE0HZZ6v4g7ZuEGwklMpLMUH', 'default.jpg', '', '', 'O', 'A'),
(16, 'Eya M. Smith', 'smitheya@gmail.com.ph', 'eyasmith', 'default.jpg', '', '', 'C', 'A'),
(17, 'Althea Lobos', 'althealobos79@gmail.com', 'thea1911', 'default.jpg', '09613559041', 'Mayao, Oas, Albay', 'A', 'A'),
(18, 'Jem Casurog', 'jemCas@gmail.com', 'jemaaa', 'default.jpg', '093684726452', 'Cavasi, Ligao, City', 'A', 'A'),
(19, 'Justine Bragais', 'justineA@gmail.com', 'jastennn', 'default.jpg', '092846193720', 'Ligao, City', 'A', 'A'),
(20, 'Water Station', 'jarren@water.station.com', 'jarren123', 'default.jpg', '', '', 'O', 'A'),
(21, 'ADMIN', 'admin1@gmail.com', 'admin1', 'default.jpg', '094638261847', 'LIGAO, CITY', 'A', 'A'),
(22, 'Duduy Water Station', 'Duduy@gmail.com', 'duduylang', 'default.jpg', '', '', 'O', 'A'),
(23, 'John Doe', 'john.doe@example.com', 'password123', 'default.jpg', '09123456789', '123 Main St, Ligao City', 'C', 'A'),
(24, 'Jane Smith', 'jane.smith@example.com', 'password456', 'default.jpg', '09198765432', '456 Elm St, Ligao City', 'C', 'A'),
(30, 'Chico Casurog', 'chicowaterstation@gmail.com', '1234', 'default.jpg', '', '', 'O', 'A'),
(31, 'milo bragais', 'milowaterstation@arf.com', '1234', 'default.jpg', '', '', 'O', 'A'),
(32, 'MINMIN LOBOS', 'minminwaterstation@arf.com', '12345678', 'default.jpg', '', '', 'O', 'A'),
(33, 'matthew regino', 'matthewwaterstation@gmail.com', '12345678', 'default.jpg', '', '', 'O', 'A'),
(34, 'Jubail Juarez', 'jubailjuarez@gmail.com', '1234', 'default.jpg', '', '', 'O', 'A'),
(35, 'Tray Rags', 'trayrags@gmail.com', '1234', 'default.jpg', '', '', 'O', 'A');

--
-- Indexes for dumped tables
--

--
-- Indexes for table `memberships`
--
ALTER TABLE `memberships`
  ADD PRIMARY KEY (`membership_id`);

--
-- Indexes for table `orders`
--
ALTER TABLE `orders`
  ADD PRIMARY KEY (`order_id`),
  ADD KEY `user_id` (`user_id`),
  ADD KEY `product_id` (`product_id`);

--
-- Indexes for table `products`
--
ALTER TABLE `products`
  ADD PRIMARY KEY (`product_id`),
  ADD KEY `station_id` (`station_id`);

--
-- Indexes for table `stations`
--
ALTER TABLE `stations`
  ADD PRIMARY KEY (`station_id`),
  ADD KEY `owner_id` (`owner_id`);

--
-- Indexes for table `subscriptions`
--
ALTER TABLE `subscriptions`
  ADD PRIMARY KEY (`subscription_id`),
  ADD KEY `membership_id` (`membership_id`),
  ADD KEY `subscriptions_ibfk_1` (`user_id`);

--
-- Indexes for table `users`
--
ALTER TABLE `users`
  ADD PRIMARY KEY (`user_id`);

--
-- AUTO_INCREMENT for dumped tables
--

--
-- AUTO_INCREMENT for table `memberships`
--
ALTER TABLE `memberships`
  MODIFY `membership_id` int(11) NOT NULL AUTO_INCREMENT, AUTO_INCREMENT=7;

--
-- AUTO_INCREMENT for table `orders`
--
ALTER TABLE `orders`
  MODIFY `order_id` int(11) NOT NULL AUTO_INCREMENT, AUTO_INCREMENT=4;

--
-- AUTO_INCREMENT for table `products`
--
ALTER TABLE `products`
  MODIFY `product_id` int(11) NOT NULL AUTO_INCREMENT, AUTO_INCREMENT=4;

--
-- AUTO_INCREMENT for table `stations`
--
ALTER TABLE `stations`
  MODIFY `station_id` int(11) NOT NULL AUTO_INCREMENT, AUTO_INCREMENT=9;

--
-- AUTO_INCREMENT for table `subscriptions`
--
ALTER TABLE `subscriptions`
  MODIFY `subscription_id` int(11) NOT NULL AUTO_INCREMENT, AUTO_INCREMENT=22;

--
-- AUTO_INCREMENT for table `users`
--
ALTER TABLE `users`
  MODIFY `user_id` int(11) NOT NULL AUTO_INCREMENT, AUTO_INCREMENT=36;

--
-- Constraints for dumped tables
--

--
-- Constraints for table `orders`
--
ALTER TABLE `orders`
  ADD CONSTRAINT `orders_ibfk_1` FOREIGN KEY (`user_id`) REFERENCES `users` (`user_id`),
  ADD CONSTRAINT `orders_ibfk_2` FOREIGN KEY (`product_id`) REFERENCES `products` (`product_id`);

--
-- Constraints for table `products`
--
ALTER TABLE `products`
  ADD CONSTRAINT `products_ibfk_1` FOREIGN KEY (`station_id`) REFERENCES `stations` (`station_id`);

--
-- Constraints for table `stations`
--
ALTER TABLE `stations`
  ADD CONSTRAINT `stations_ibfk_1` FOREIGN KEY (`owner_id`) REFERENCES `users` (`user_id`);

--
-- Constraints for table `subscriptions`
--
ALTER TABLE `subscriptions`
  ADD CONSTRAINT `subscriptions_ibfk_1` FOREIGN KEY (`user_id`) REFERENCES `users` (`user_id`),
  ADD CONSTRAINT `subscriptions_ibfk_2` FOREIGN KEY (`membership_id`) REFERENCES `memberships` (`membership_id`);
COMMIT;

/*!40101 SET CHARACTER_SET_CLIENT=@OLD_CHARACTER_SET_CLIENT */;
/*!40101 SET CHARACTER_SET_RESULTS=@OLD_CHARACTER_SET_RESULTS */;
/*!40101 SET COLLATION_CONNECTION=@OLD_COLLATION_CONNECTION */;
